{
    "device_type": "D435i",
    "imus": [
        {
            "accelerometer": {
                "bias": [
                    0.09757319281169487,
                    0.43655190680889755,
                    0.11960659276980609
                ],
                "scale_and_alignment": [
                    1.0107861377677991,
                    0.0011720021887148225,
                    -0.05550272570866082,
                    0.0017283839064164558,
                    1.0254143204426502,
                    0.0027162676551750753,
                    0.002503371905212574,
                    0.0004780255620968621,
                    1.0143846962824088
                ]
            },
            "gyroscope": {
                "bias": [
                    -0.0012615457901847549,
                    0.0003299763091490604,
                    0.0010521062815678306
                ],
                "scale_and_alignment": [
                    1.0,
                    0.0,
                    0.0,
                    0.0,
                    1.0,
                    0.0,
                    0.0,
                    0.0,
                    1.0
                ]
            }
        }
    ]
}